{
    "utterances": [
        {
            "text": "Hello",
            "entities": [
                {
                    "entity": "greeting:greeting",
                    "start": 0,
                    "end": 2,
                    "body": "He",
                    "entities": []
                }
            ],
            "traits": [],
            "intent": "greeting"
        },
        {
            "text": "Nevermind",
            "entities": [],
            "traits": [],
            "intent": "wit$nevermind"
        },
        {
            "text": "hey tour guide",
            "entities": [
                {
                    "entity": "wake_word:wake_word",
                    "start": 0,
                    "end": 14,
                    "body": "hey tour guide",
                    "entities": []
                }
            ],
            "traits": [
                {
                    "trait": "wit$greetings",
                    "value": "true"
                }
            ],
            "intent": "wake_word"
        },
        {
            "text": "hey tourguide",
            "entities": [
                {
                    "entity": "wake_word:wake_word",
                    "start": 0,
                    "end": 13,
                    "body": "hey tourguide",
                    "entities": []
                }
            ],
            "traits": [],
            "intent": "wake_word"
        }
    ]
}
